{"eval/loss": 0.20139697194099426, "eval/runtime": 5.8227, "eval/samples_per_second": 235.628, "eval/steps_per_second": 14.77, "train/epoch": 3.0, "train/global_step": 720, "_timestamp": 1680630118.3305285, "_runtime": 231.29720544815063, "_step": 4, "train/loss": 0.1758, "train/learning_rate": 6.111111111111112e-06, "train/train_runtime": 232.8638, "train/train_samples_per_second": 49.381, "train/train_steps_per_second": 3.092, "train/total_flos": 430801934462088.0, "train/train_loss": 0.14365146822399563, "_wandb": {"runtime": 1309}}